recipe_id,recipe_name,category,category_id,preparation_time_min,calories,protein_g,carbohydrates_g,fat_g,estimated_cost_usd,dietary_tags
1,Classic Spinach & Mushroom Omelette,Breakfast,0,15,468.9,29.8,5.4,36.8,2.63,Vegetarian;Keto;Gluten-Free;High-Protein;Halal
2,Greek Yogurt Berry Nut Bowl,Breakfast,0,5,449.8,26.1,41.6,22.8,4.12,Vegetarian;Gluten-Free;High-Protein;Halal
3,Avocado & Egg Whole Wheat Toast,Breakfast,0,10,639.6,24.0,43.1,43.7,2.64,Vegetarian;Halal
4,Peanut Butter Banana Oatmeal,Breakfast,0,10,656.7,25.4,84.5,27.5,1.38,Vegan;Vegetarian;Dairy-Free;Halal
5,High-Protein Tofu Breakfast Scramble,Breakfast,0,15,314.7,17.1,12.3,24.1,2.79,Vegan;Vegetarian;Gluten-Free;Dairy-Free;High-Protein;Halal
6,Berry Chia Yogurt Parfait,Breakfast,0,5,449.5,24.1,34.1,26.9,3.46,Vegetarian;Gluten-Free;Halal
7,Grilled Chicken & Quinoa Harvest Bowl,Lunch,1,25,587.1,62.9,30.6,23.4,4.39,Gluten-Free;High-Protein;Halal
8,Mediterranean Chickpea & Avocado Salad,Lunch,1,12,591.0,15.1,51.1,40.4,3.71,Vegan;Vegetarian;Gluten-Free;Dairy-Free;Halal
9,Tuna Salad Whole Wheat Wrap,Lunch,1,10,434.9,43.2,48.2,7.7,2.88,High-Protein;Halal
10,Black Bean Burrito Bowl with Brown Rice,Lunch,1,20,412.1,16.0,62.2,11.9,2.34,Vegan;Vegetarian;Gluten-Free;Dairy-Free;Halal
11,Creamy Tomato & Mozzarella Penne,Lunch,1,20,470.7,22.1,43.5,24.2,2.25,Vegetarian;Halal
12,Turkey Avocado BLT Wrap,Lunch,1,15,841.7,50.7,60.5,47.8,4.86,High-Protein;Halal
13,Pan-Seared Salmon with Garlic Butter Broccoli & Sweet Potato,Dinner,2,30,789.3,47.7,51.5,43.1,7.68,Gluten-Free;High-Protein;Halal
14,Lean Ground Beef Stir-Fry with Brown Rice & Peppers,Dinner,2,25,613.1,52.6,33.1,31.8,4.62,Gluten-Free;Dairy-Free;High-Protein;Halal
15,Creamy Garlic Parmesan Chicken Fettuccine,Dinner,2,30,924.0,77.1,35.8,51.3,4.39,High-Protein;Halal
16,Hearty Lentil & Vegetable Stew,Dinner,2,35,457.8,16.3,65.7,16.1,2.17,Vegan;Vegetarian;Gluten-Free;Dairy-Free;Halal
17,Garlic Butter Shrimp with Zucchini Noodles & Tomatoes,Dinner,2,20,516.5,61.5,15.1,24.8,7.18,Keto;Gluten-Free;High-Protein;Low-Carb;Halal
18,Savory Tofu & Mushroom Teriyaki Bowl,Dinner,2,25,454.9,25.5,49.0,20.6,4.03,Vegan;Vegetarian;Dairy-Free;Halal
19,Apple Slices with Natural Peanut Butter,Snack,3,3,299.4,9.3,31.8,17.9,1.03,Vegan;Vegetarian;Gluten-Free;Dairy-Free;Halal
20,Banana Almond Protein Smoothie,Snack,3,5,440.4,19.4,51.4,20.3,2.01,Vegetarian;Gluten-Free;Halal
21,Cheddar Cheese & Boiled Egg Power Snack,Snack,3,8,241.8,16.7,3.1,18.1,1.08,Vegetarian;Keto;Gluten-Free;High-Protein;Halal
22,Strawberries & Dark Chocolate Walnut Cup,Snack,3,4,258.6,5.3,20.0,19.9,2.22,Vegan;Vegetarian;Gluten-Free;Halal
23,Spicy Greek Yogurt Berry Nut Bowl Style 23,Breakfast,0,6,1009.3,70.8,47.0,62.1,6.16,Vegetarian;Gluten-Free;High-Protein;Halal
24,Golden Pan-Seared Salmon with Garlic Butter Broccoli & Sweet Potato Style 24,Dinner,2,35,718.5,43.5,44.4,40.5,7.11,Gluten-Free;High-Protein;Halal
25,Savory Classic Spinach & Mushroom Omelette Style 25,Breakfast,0,21,555.5,34.8,5.5,44.0,2.87,Vegetarian;Keto;Gluten-Free;High-Protein;Halal
26,Crispy Creamy Tomato & Mozzarella Penne Style 26,Lunch,1,21,442.8,23.0,46.5,19.8,2.31,Vegetarian;Halal
27,Crispy Turkey Avocado BLT Wrap Style 27,Lunch,1,22,765.4,42.3,102.8,24.4,3.88,High-Protein;Halal
28,Roasted Black Bean Burrito Bowl with Brown Rice Style 28,Lunch,1,24,384.3,15.3,56.5,11.9,2.65,Vegan;Vegetarian;Gluten-Free;Dairy-Free;Halal
29,Hearty Black Bean Burrito Bowl with Brown Rice Style 29,Lunch,1,20,413.5,15.8,62.7,11.9,2.37,Vegan;Vegetarian;Gluten-Free;Dairy-Free;Halal
30,Savory Strawberries & Dark Chocolate Walnut Cup Style 30,Snack,3,5,466.6,7.6,25.1,41.6,1.97,Vegan;Vegetarian;Gluten-Free;Halal
31,Zesty High-Protein Tofu Breakfast Scramble Style 31,Breakfast,0,16,289.3,14.4,12.4,22.2,2.66,Vegan;Vegetarian;Gluten-Free;Dairy-Free;High-Protein;Halal
32,Spicy Pan-Seared Salmon with Garlic Butter Broccoli & Sweet Potato Style 32,Dinner,2,32,789.5,45.8,47.8,45.8,7.46,Gluten-Free;High-Protein;Halal
33,Smoky Berry Chia Yogurt Parfait Style 33,Breakfast,0,14,496.7,28.1,34.1,30.6,3.8,Vegetarian;Gluten-Free;Halal
34,Roasted Strawberries & Dark Chocolate Walnut Cup Style 34,Snack,3,12,266.6,5.5,22.0,19.9,2.6,Vegan;Vegetarian;Gluten-Free;Halal
35,Spicy Savory Tofu & Mushroom Teriyaki Bowl Style 35,Dinner,2,27,492.2,28.3,51.7,22.5,4.27,Vegan;Vegetarian;Dairy-Free;Halal
36,Spicy Tuna Salad Whole Wheat Wrap Style 36,Lunch,1,11,244.2,34.7,17.9,3.5,2.21,High-Protein;Halal
37,Crispy Avocado & Egg Whole Wheat Toast Style 37,Breakfast,0,5,639.6,24.0,43.1,43.7,2.64,Vegetarian;Halal
38,Crispy Apple Slices with Natural Peanut Butter Style 38,Snack,3,10,358.2,11.8,33.8,22.9,1.11,Vegan;Vegetarian;Gluten-Free;Dairy-Free;Halal
39,Roasted Lean Ground Beef Stir-Fry with Brown Rice & Peppers Style 39,Dinner,2,25,644.4,57.1,30.2,35.0,4.7,Gluten-Free;Dairy-Free;High-Protein;Halal
40,Herb-Crusted Creamy Garlic Parmesan Chicken Fettuccine Style 40,Dinner,2,39,996.4,91.3,36.1,52.4,5.06,High-Protein;Halal
41,Zesty Berry Chia Yogurt Parfait Style 41,Breakfast,0,2,503.8,26.6,24.3,36.6,3.27,Vegetarian;Gluten-Free;Halal
42,Zesty Hearty Lentil & Vegetable Stew Style 42,Dinner,2,30,431.4,19.3,67.4,11.1,2.54,Vegan;Vegetarian;Gluten-Free;Dairy-Free;Halal
43,Herb-Crusted Banana Almond Protein Smoothie Style 43,Snack,3,3,653.0,28.7,50.5,40.2,2.24,Vegetarian;Gluten-Free;Halal
44,Rustic Berry Chia Yogurt Parfait Style 44,Breakfast,0,6,441.9,21.2,31.9,28.3,2.98,Vegetarian;Gluten-Free;Halal
45,Fresh Avocado & Egg Whole Wheat Toast Style 45,Breakfast,0,8,640.5,24.0,43.3,43.7,2.67,Vegetarian;Halal
46,Smoky Apple Slices with Natural Peanut Butter Style 46,Snack,3,0,299.4,9.3,31.8,17.9,1.03,Vegan;Vegetarian;Gluten-Free;Dairy-Free;Halal
47,Fiesta Garlic Butter Shrimp with Zucchini Noodles & Tomatoes Style 47,Dinner,2,19,537.9,58.1,14.9,28.9,7.1,Keto;Gluten-Free;High-Protein;Low-Carb;Halal
48,Herb-Crusted Lean Ground Beef Stir-Fry with Brown Rice & Peppers Style 48,Dinner,2,28,686.2,58.3,38.0,35.3,5.01,Gluten-Free;Dairy-Free;High-Protein;Halal
49,Hearty Creamy Tomato & Mozzarella Penne Style 49,Lunch,1,15,512.4,24.8,46.3,26.3,2.29,Vegetarian;Halal
50,Golden Hearty Lentil & Vegetable Stew Style 50,Dinner,2,37,441.7,16.2,62.2,16.1,2.39,Vegan;Vegetarian;Gluten-Free;Dairy-Free;Halal
51,Spicy Lean Ground Beef Stir-Fry with Brown Rice & Peppers Style 51,Dinner,2,29,601.5,53.7,27.2,32.7,4.88,Gluten-Free;Dairy-Free;High-Protein;Halal
52,Fresh Strawberries & Dark Chocolate Walnut Cup Style 52,Snack,3,9,257.0,5.3,19.7,19.8,2.15,Vegan;Vegetarian;Gluten-Free;Halal
53,Garden-Fresh Turkey Avocado BLT Wrap Style 53,Lunch,1,15,833.0,49.4,60.5,47.4,4.79,High-Protein;Halal
54,Hearty Grilled Chicken & Quinoa Harvest Bowl Style 54,Lunch,1,29,613.9,68.8,29.7,23.9,4.66,Gluten-Free;High-Protein;Halal
55,Golden Mediterranean Chickpea & Avocado Salad Style 55,Lunch,1,11,602.2,13.2,45.4,44.9,3.56,Vegan;Vegetarian;Gluten-Free;Dairy-Free;Halal
56,Smoky Cheddar Cheese & Boiled Egg Power Snack Style 56,Snack,3,17,261.9,18.0,3.1,19.7,1.14,Vegetarian;Keto;Gluten-Free;High-Protein;Halal
57,Herb-Crusted Creamy Tomato & Mozzarella Penne Style 57,Lunch,1,16,524.3,25.3,48.7,26.4,2.36,Vegetarian;Halal
58,Herb-Crusted High-Protein Tofu Breakfast Scramble Style 58,Breakfast,0,17,337.9,19.8,12.8,25.5,3.09,Vegan;Vegetarian;Gluten-Free;Dairy-Free;High-Protein;Halal
59,Crispy Garlic Butter Shrimp with Zucchini Noodles & Tomatoes Style 59,Dinner,2,18,520.9,60.7,17.2,24.8,7.16,Keto;Gluten-Free;High-Protein;Low-Carb;Halal
60,Fiesta Grilled Chicken & Quinoa Harvest Bowl Style 60,Lunch,1,35,498.4,54.8,29.7,17.5,3.87,Gluten-Free;High-Protein;Halal
61,Zesty Black Bean Burrito Bowl with Brown Rice Style 61,Lunch,1,21,402.9,14.9,60.9,11.9,2.35,Vegan;Vegetarian;Gluten-Free;Dairy-Free;Halal
62,Savory Lean Ground Beef Stir-Fry with Brown Rice & Peppers Style 62,Dinner,2,34,630.0,53.4,34.2,32.7,4.79,Gluten-Free;Dairy-Free;High-Protein;Halal
63,Spicy Peanut Butter Banana Oatmeal Style 63,Breakfast,0,15,510.5,18.6,59.3,25.1,1.83,Vegan;Vegetarian;Dairy-Free;Halal
64,Rustic Banana Almond Protein Smoothie Style 64,Snack,3,1,665.5,14.0,50.7,48.5,2.15,Vegetarian;Gluten-Free;Halal
65,Spicy Berry Chia Yogurt Parfait Style 65,Breakfast,0,2,464.7,24.1,38.2,26.9,3.52,Vegetarian;Gluten-Free;Halal
66,Golden Hearty Lentil & Vegetable Stew Style 66,Dinner,2,31,425.8,15.1,58.9,16.0,1.99,Vegan;Vegetarian;Gluten-Free;Dairy-Free;Halal
67,Savory Creamy Garlic Parmesan Chicken Fettuccine Style 67,Dinner,2,39,970.2,72.3,33.2,60.1,4.33,High-Protein;Halal
68,Zesty Lean Ground Beef Stir-Fry with Brown Rice & Peppers Style 68,Dinner,2,29,540.3,45.2,33.2,26.7,4.19,Gluten-Free;Dairy-Free;High-Protein;Halal
69,Garden-Fresh Creamy Garlic Parmesan Chicken Fettuccine Style 69,Dinner,2,32,782.9,64.1,30.3,44.1,3.77,High-Protein;Halal
70,Spicy Peanut Butter Banana Oatmeal Style 70,Breakfast,0,18,750.6,29.5,96.0,31.4,1.49,Vegan;Vegetarian;Dairy-Free;Halal
71,Spicy Hearty Lentil & Vegetable Stew Style 71,Dinner,2,43,414.6,18.6,73.4,7.2,2.27,Vegan;Vegetarian;Gluten-Free;Dairy-Free;Halal
72,Smoky Creamy Tomato & Mozzarella Penne Style 72,Lunch,1,19,467.0,21.7,45.3,23.3,2.4,Vegetarian;Halal
73,Roasted Creamy Garlic Parmesan Chicken Fettuccine Style 73,Dinner,2,32,985.4,77.2,34.7,58.8,4.53,High-Protein;Halal
74,Crispy Apple Slices with Natural Peanut Butter Style 74,Snack,3,13,328.8,10.5,32.8,20.4,1.07,Vegan;Vegetarian;Gluten-Free;Dairy-Free;Halal
75,Crispy Pan-Seared Salmon with Garlic Butter Broccoli & Sweet Potato Style 75,Dinner,2,35,889.8,58.6,58.8,45.6,9.14,Gluten-Free;High-Protein;Halal
76,Spicy Peanut Butter Banana Oatmeal Style 76,Breakfast,0,7,606.7,23.4,78.4,25.3,1.4,Vegan;Vegetarian;Dairy-Free;Halal
77,Smoky Hearty Lentil & Vegetable Stew Style 77,Dinner,2,40,554.6,19.6,75.7,21.2,2.52,Vegan;Vegetarian;Gluten-Free;Dairy-Free;Halal
78,Garden-Fresh Cheddar Cheese & Boiled Egg Power Snack Style 78,Snack,3,10,241.8,16.7,3.1,18.1,1.08,Vegetarian;Keto;Gluten-Free;High-Protein;Halal
79,Fiesta Cheddar Cheese & Boiled Egg Power Snack Style 79,Snack,3,6,282.8,19.3,3.4,21.4,1.22,Vegetarian;Keto;Gluten-Free;High-Protein;Halal
80,Garden-Fresh Cheddar Cheese & Boiled Egg Power Snack Style 80,Snack,3,4,242.6,16.8,3.3,18.1,1.1,Vegetarian;Keto;Gluten-Free;High-Protein;Halal
81,Smoky Creamy Tomato & Mozzarella Penne Style 81,Lunch,1,27,1364.7,19.2,27.9,133.5,3.27,Vegetarian;Halal
82,Fiesta Banana Almond Protein Smoothie Style 82,Snack,3,5,527.6,18.7,74.9,21.0,3.15,Vegetarian;Gluten-Free;Halal
83,Spicy Avocado & Egg Whole Wheat Toast Style 83,Breakfast,0,14,640.5,24.0,43.3,43.7,2.67,Vegetarian;Halal
84,Crispy Grilled Chicken & Quinoa Harvest Bowl Style 84,Lunch,1,28,601.5,70.7,23.6,24.1,4.59,Gluten-Free;High-Protein;Halal
85,Fresh Classic Spinach & Mushroom Omelette Style 85,Breakfast,0,19,601.2,38.0,6.5,47.4,3.27,Vegetarian;Keto;Gluten-Free;High-Protein;Halal
86,Fresh Mediterranean Chickpea & Avocado Salad Style 86,Lunch,1,11,617.7,16.7,55.4,40.9,3.72,Vegan;Vegetarian;Gluten-Free;Dairy-Free;Halal
87,Savory Cheddar Cheese & Boiled Egg Power Snack Style 87,Snack,3,14,261.1,17.9,3.0,19.7,1.12,Vegetarian;Keto;Gluten-Free;High-Protein;Halal
88,Savory High-Protein Tofu Breakfast Scramble Style 88,Breakfast,0,21,342.1,19.8,13.3,25.7,3.03,Vegan;Vegetarian;Gluten-Free;Dairy-Free;High-Protein;Halal
89,Roasted Garlic Butter Shrimp with Zucchini Noodles & Tomatoes Style 89,Dinner,2,25,581.0,73.3,15.9,26.5,8.36,Keto;Gluten-Free;High-Protein;Low-Carb;Halal
90,Spicy Peanut Butter Banana Oatmeal Style 90,Breakfast,0,16,729.2,28.4,94.3,30.2,1.39,Vegan;Vegetarian;Dairy-Free;Halal
91,Smoky Avocado & Egg Whole Wheat Toast Style 91,Breakfast,0,16,600.7,25.7,47.5,36.8,2.68,Vegetarian;Halal
92,Fiesta Peanut Butter Banana Oatmeal Style 92,Breakfast,0,14,462.0,16.3,53.7,23.2,1.54,Vegan;Vegetarian;Dairy-Free;Halal
93,Crispy Cheddar Cheese & Boiled Egg Power Snack Style 93,Snack,3,6,199.3,14.1,2.4,14.7,0.88,Vegetarian;Keto;Gluten-Free;High-Protein;Halal
94,Hearty Peanut Butter Banana Oatmeal Style 94,Breakfast,0,18,709.8,27.5,91.0,29.9,1.37,Vegan;Vegetarian;Dairy-Free;Halal
95,Garden-Fresh Apple Slices with Natural Peanut Butter Style 95,Snack,3,13,328.8,10.5,32.8,20.4,1.07,Vegan;Vegetarian;Gluten-Free;Dairy-Free;Halal
96,Crispy Banana Almond Protein Smoothie Style 96,Snack,3,11,376.5,12.5,50.8,16.1,1.49,Vegetarian;Gluten-Free;Halal
97,Fiesta Savory Tofu & Mushroom Teriyaki Bowl Style 97,Dinner,2,20,430.6,23.7,45.9,19.8,3.67,Vegan;Vegetarian;Dairy-Free;Halal
98,Smoky Greek Yogurt Berry Nut Bowl Style 98,Breakfast,0,6,431.6,23.7,46.7,19.6,4.32,Vegetarian;Gluten-Free;High-Protein;Halal
99,Golden Mediterranean Chickpea & Avocado Salad Style 99,Lunch,1,12,661.6,16.6,55.7,45.8,3.96,Vegan;Vegetarian;Gluten-Free;Dairy-Free;Halal
100,Fiesta Peanut Butter Banana Oatmeal Style 100,Breakfast,0,9,600.1,26.1,63.4,29.4,1.02,Vegan;Vegetarian;Dairy-Free;Halal
101,Roasted Lean Ground Beef Stir-Fry with Brown Rice & Peppers Style 101,Dinner,2,29,673.1,41.4,28.2,45.6,4.05,Gluten-Free;Dairy-Free;High-Protein;Halal
102,Fiesta Creamy Garlic Parmesan Chicken Fettuccine Style 102,Dinner,2,27,958.4,88.3,29.7,52.5,4.87,High-Protein;Halal
103,Golden Avocado & Egg Whole Wheat Toast Style 103,Breakfast,0,14,655.2,23.9,47.3,43.8,3.12,Vegetarian;Halal
104,Roasted Creamy Garlic Parmesan Chicken Fettuccine Style 104,Dinner,2,31,947.4,81.1,30.0,54.7,4.6,High-Protein;Halal
105,Spicy Lean Ground Beef Stir-Fry with Brown Rice & Peppers Style 105,Dinner,2,24,682.5,62.0,29.4,37.6,5.24,Gluten-Free;Dairy-Free;High-Protein;Halal
106,Spicy Strawberries & Dark Chocolate Walnut Cup Style 106,Snack,3,3,313.3,8.4,13.0,28.1,1.98,Vegan;Vegetarian;Gluten-Free;Halal
107,Zesty Savory Tofu & Mushroom Teriyaki Bowl Style 107,Dinner,2,21,454.6,25.6,47.7,21.0,3.91,Vegan;Vegetarian;Dairy-Free;Halal
108,Fresh Black Bean Burrito Bowl with Brown Rice Style 108,Lunch,1,26,374.4,14.4,54.8,11.7,2.17,Vegan;Vegetarian;Gluten-Free;Dairy-Free;Halal
109,Smoky Peanut Butter Banana Oatmeal Style 109,Breakfast,0,5,625.1,23.9,80.3,26.5,1.3,Vegan;Vegetarian;Dairy-Free;Halal
110,Fiesta Banana Almond Protein Smoothie Style 110,Snack,3,4,308.3,16.0,22.9,18.5,1.49,Vegetarian;Gluten-Free;Halal
111,Fiesta Apple Slices with Natural Peanut Butter Style 111,Snack,3,-2,270.0,8.0,30.8,15.4,0.99,Vegan;Vegetarian;Gluten-Free;Dairy-Free;Halal
112,Garden-Fresh Avocado & Egg Whole Wheat Toast Style 112,Breakfast,0,6,646.8,23.9,44.9,43.7,2.54,Vegetarian;Halal
113,Herb-Crusted High-Protein Tofu Breakfast Scramble Style 113,Breakfast,0,23,327.1,18.5,11.6,25.2,2.76,Vegan;Vegetarian;Gluten-Free;Dairy-Free;High-Protein;Halal
114,Hearty Tuna Salad Whole Wheat Wrap Style 114,Lunch,1,14,456.2,47.4,48.2,8.1,3.07,High-Protein;Halal
115,Hearty Greek Yogurt Berry Nut Bowl Style 115,Breakfast,0,3,891.7,30.8,59.5,66.3,5.82,Vegetarian;Gluten-Free;High-Protein;Halal
116,Spicy Classic Spinach & Mushroom Omelette Style 116,Breakfast,0,21,465.4,29.4,4.9,36.8,2.47,Vegetarian;Keto;Gluten-Free;High-Protein;Halal
117,Crispy Avocado & Egg Whole Wheat Toast Style 117,Breakfast,0,17,640.5,24.0,43.3,43.7,2.67,Vegetarian;Halal
118,Crispy Cheddar Cheese & Boiled Egg Power Snack Style 118,Snack,3,5,420.0,17.4,50.6,18.7,2.28,Vegetarian;Keto;Gluten-Free;High-Protein;Halal
119,Savory Lean Ground Beef Stir-Fry with Brown Rice & Peppers Style 119,Dinner,2,23,570.3,46.2,38.0,27.1,4.09,Gluten-Free;Dairy-Free;High-Protein;Halal
120,Roasted Garlic Butter Shrimp with Zucchini Noodles & Tomatoes Style 120,Dinner,2,20,479.1,54.6,16.6,23.4,6.97,Keto;Gluten-Free;High-Protein;Low-Carb;Halal
121,Herb-Crusted Banana Almond Protein Smoothie Style 121,Snack,3,14,463.9,19.4,52.7,22.5,2.02,Vegetarian;Gluten-Free;Halal
122,Fresh Strawberries & Dark Chocolate Walnut Cup Style 122,Snack,3,9,292.9,6.1,21.1,23.1,2.4,Vegan;Vegetarian;Gluten-Free;Halal
123,Spicy High-Protein Tofu Breakfast Scramble Style 123,Breakfast,0,19,278.8,13.7,10.3,22.1,2.4,Vegan;Vegetarian;Gluten-Free;Dairy-Free;High-Protein;Halal
124,Spicy Creamy Garlic Parmesan Chicken Fettuccine Style 124,Dinner,2,37,826.2,66.4,36.0,45.4,3.85,High-Protein;Halal
125,Fresh Creamy Garlic Parmesan Chicken Fettuccine Style 125,Dinner,2,29,1090.0,66.8,39.3,73.4,4.26,High-Protein;Halal
126,Spicy Greek Yogurt Berry Nut Bowl Style 126,Breakfast,0,5,617.7,25.4,86.9,23.8,3.43,Vegetarian;Gluten-Free;High-Protein;Halal
127,Golden Turkey Avocado BLT Wrap Style 127,Lunch,1,22,651.2,55.8,47.4,27.8,4.01,High-Protein;Halal
128,Rustic Black Bean Burrito Bowl with Brown Rice Style 128,Lunch,1,27,487.3,18.7,78.4,11.9,2.15,Vegan;Vegetarian;Gluten-Free;Dairy-Free;Halal
129,Fresh High-Protein Tofu Breakfast Scramble Style 129,Breakfast,0,23,323.5,18.9,10.9,25.1,2.97,Vegan;Vegetarian;Gluten-Free;Dairy-Free;High-Protein;Halal
130,Golden Garlic Butter Shrimp with Zucchini Noodles & Tomatoes Style 130,Dinner,2,19,482.3,47.7,15.1,27.3,5.96,Keto;Gluten-Free;High-Protein;Low-Carb;Halal
131,Rustic Avocado & Egg Whole Wheat Toast Style 131,Breakfast,0,9,503.0,11.9,42.7,34.6,2.12,Vegetarian;Halal
132,Crispy Banana Almond Protein Smoothie Style 132,Snack,3,1,431.8,19.4,50.4,19.8,2.0,Vegetarian;Gluten-Free;Halal
133,Golden Lean Ground Beef Stir-Fry with Brown Rice & Peppers Style 133,Dinner,2,29,637.5,56.2,30.3,34.2,4.83,Gluten-Free;Dairy-Free;High-Protein;Halal
134,Hearty Hearty Lentil & Vegetable Stew Style 134,Dinner,2,36,475.7,16.1,70.4,16.1,2.23,Vegan;Vegetarian;Gluten-Free;Dairy-Free;Halal
135,Herb-Crusted Banana Almond Protein Smoothie Style 135,Snack,3,3,416.0,18.1,49.5,19.0,1.89,Vegetarian;Gluten-Free;Halal
136,Savory Black Bean Burrito Bowl with Brown Rice Style 136,Lunch,1,15,414.5,17.4,61.4,12.0,2.65,Vegan;Vegetarian;Gluten-Free;Dairy-Free;Halal
137,Zesty Lean Ground Beef Stir-Fry with Brown Rice & Peppers Style 137,Dinner,2,24,566.1,48.8,28.7,29.9,4.25,Gluten-Free;Dairy-Free;High-Protein;Halal
138,Zesty High-Protein Tofu Breakfast Scramble Style 138,Breakfast,0,10,261.2,15.9,13.0,18.2,2.71,Vegan;Vegetarian;Gluten-Free;Dairy-Free;High-Protein;Halal
139,Zesty Avocado & Egg Whole Wheat Toast Style 139,Breakfast,0,14,497.5,11.6,42.4,34.2,2.06,Vegetarian;Halal
140,Zesty Peanut Butter Banana Oatmeal Style 140,Breakfast,0,5,594.5,22.8,77.4,24.7,1.34,Vegan;Vegetarian;Dairy-Free;Halal
141,Roasted Cheddar Cheese & Boiled Egg Power Snack Style 141,Snack,3,16,123.9,11.2,4.0,7.1,0.93,Vegetarian;Keto;Gluten-Free;High-Protein;Halal
142,Fiesta Berry Chia Yogurt Parfait Style 142,Breakfast,0,0,479.2,25.6,38.7,27.6,3.64,Vegetarian;Gluten-Free;Halal
143,Spicy Pan-Seared Salmon with Garlic Butter Broccoli & Sweet Potato Style 143,Dinner,2,35,672.2,37.9,46.5,37.0,5.8,Gluten-Free;High-Protein;Halal
144,Zesty High-Protein Tofu Breakfast Scramble Style 144,Breakfast,0,25,305.7,15.8,12.6,23.4,2.67,Vegan;Vegetarian;Gluten-Free;Dairy-Free;High-Protein;Halal
145,Herb-Crusted Cheddar Cheese & Boiled Egg Power Snack Style 145,Snack,3,12,203.1,14.3,3.3,14.8,1.01,Vegetarian;Keto;Gluten-Free;High-Protein;Halal
146,Zesty Grilled Chicken & Quinoa Harvest Bowl Style 146,Lunch,1,21,640.9,70.9,32.6,24.5,4.79,Gluten-Free;High-Protein;Halal
147,Hearty Cheddar Cheese & Boiled Egg Power Snack Style 147,Snack,3,11,259.6,17.9,2.6,19.7,1.07,Vegetarian;Keto;Gluten-Free;High-Protein;Halal
148,Smoky Peanut Butter Banana Oatmeal Style 148,Breakfast,0,20,685.0,26.8,83.7,30.7,1.5,Vegan;Vegetarian;Dairy-Free;Halal
149,Golden Hearty Lentil & Vegetable Stew Style 149,Dinner,2,40,501.5,18.8,74.0,16.1,2.25,Vegan;Vegetarian;Gluten-Free;Dairy-Free;Halal
150,Savory Peanut Butter Banana Oatmeal Style 150,Breakfast,0,19,657.5,25.3,81.5,29.2,1.36,Vegan;Vegetarian;Dairy-Free;Halal
151,Garden-Fresh Greek Yogurt Berry Nut Bowl Style 151,Breakfast,0,2,470.3,28.6,46.0,22.1,4.43,Vegetarian;Gluten-Free;High-Protein;Halal
152,Fiesta Strawberries & Dark Chocolate Walnut Cup Style 152,Snack,3,13,264.6,5.6,21.2,19.7,1.0,Vegan;Vegetarian;Gluten-Free;Halal
153,Herb-Crusted Greek Yogurt Berry Nut Bowl Style 153,Breakfast,0,14,410.2,21.7,41.1,20.6,3.87,Vegetarian;Gluten-Free;High-Protein;Halal
154,Golden Turkey Avocado BLT Wrap Style 154,Lunch,1,10,831.5,49.3,60.2,47.4,4.72,High-Protein;Halal
155,Spicy Berry Chia Yogurt Parfait Style 155,Breakfast,0,15,416.8,25.4,34.4,22.4,3.37,Vegetarian;Gluten-Free;Halal
156,Savory Grilled Chicken & Quinoa Harvest Bowl Style 156,Lunch,1,30,552.5,51.0,26.9,26.8,3.76,Gluten-Free;High-Protein;Halal
157,Golden Strawberries & Dark Chocolate Walnut Cup Style 157,Snack,3,10,390.5,11.6,48.8,20.1,1.6,Vegan;Vegetarian;Gluten-Free;Halal
158,Hearty Garlic Butter Shrimp with Zucchini Noodles & Tomatoes Style 158,Dinner,2,19,434.1,51.4,13.7,20.6,5.93,Keto;Gluten-Free;High-Protein;Low-Carb;Halal
159,Savory Banana Almond Protein Smoothie Style 159,Snack,3,2,444.0,20.0,51.3,20.4,2.06,Vegetarian;Gluten-Free;Halal
160,Golden High-Protein Tofu Breakfast Scramble Style 160,Breakfast,0,15,331.6,18.4,13.8,24.8,2.98,Vegan;Vegetarian;Gluten-Free;Dairy-Free;High-Protein;Halal
161,Crispy High-Protein Tofu Breakfast Scramble Style 161,Breakfast,0,19,312.5,16.4,12.3,24.0,2.74,Vegan;Vegetarian;Gluten-Free;Dairy-Free;High-Protein;Halal
162,Rustic Avocado & Egg Whole Wheat Toast Style 162,Breakfast,0,10,400.0,21.0,30.5,21.7,1.39,Vegetarian;Halal
163,Fresh Strawberries & Dark Chocolate Walnut Cup Style 163,Snack,3,-1,261.8,5.4,20.8,19.9,2.37,Vegan;Vegetarian;Gluten-Free;Halal
164,Zesty Avocado & Egg Whole Wheat Toast Style 164,Breakfast,0,5,639.6,24.0,43.1,43.7,2.64,Vegetarian;Halal
165,Fiesta Hearty Lentil & Vegetable Stew Style 165,Dinner,2,35,455.7,16.5,65.0,16.1,2.21,Vegan;Vegetarian;Gluten-Free;Dairy-Free;Halal
166,Crispy Creamy Garlic Parmesan Chicken Fettuccine Style 166,Dinner,2,37,895.7,74.5,31.1,51.5,4.28,High-Protein;Halal
167,Smoky High-Protein Tofu Breakfast Scramble Style 167,Breakfast,0,19,454.9,55.3,8.1,21.5,3.67,Vegan;Vegetarian;Gluten-Free;Dairy-Free;High-Protein;Halal
168,Fresh Pan-Seared Salmon with Garlic Butter Broccoli & Sweet Potato Style 168,Dinner,2,39,735.9,45.4,35.6,46.4,10.26,Gluten-Free;High-Protein;Halal
169,Rustic Hearty Lentil & Vegetable Stew Style 169,Dinner,2,39,411.5,15.8,65.7,11.1,2.58,Vegan;Vegetarian;Gluten-Free;Dairy-Free;Halal
170,Zesty Savory Tofu & Mushroom Teriyaki Bowl Style 170,Dinner,2,26,484.3,29.3,49.7,22.4,4.59,Vegan;Vegetarian;Dairy-Free;Halal
171,Roasted Turkey Avocado BLT Wrap Style 171,Lunch,1,14,818.0,46.8,60.9,46.7,4.7,High-Protein;Halal
172,Crispy Peanut Butter Banana Oatmeal Style 172,Breakfast,0,17,658.6,25.7,82.9,28.3,1.47,Vegan;Vegetarian;Dairy-Free;Halal
173,Zesty Garlic Butter Shrimp with Zucchini Noodles & Tomatoes Style 173,Dinner,2,25,465.1,50.3,13.7,24.6,5.86,Keto;Gluten-Free;High-Protein;Low-Carb;Halal
174,Golden Banana Almond Protein Smoothie Style 174,Snack,3,15,477.6,21.8,54.0,22.3,2.23,Vegetarian;Gluten-Free;Halal
175,Rustic Apple Slices with Natural Peanut Butter Style 175,Snack,3,1,240.6,6.8,29.8,12.9,0.95,Vegan;Vegetarian;Gluten-Free;Dairy-Free;Halal
176,Fresh Lean Ground Beef Stir-Fry with Brown Rice & Peppers Style 176,Dinner,2,27,598.9,49.3,37.9,29.4,4.54,Gluten-Free;Dairy-Free;High-Protein;Halal
177,Fresh Greek Yogurt Berry Nut Bowl Style 177,Breakfast,0,7,480.3,27.2,43.1,25.3,4.29,Vegetarian;Gluten-Free;High-Protein;Halal
178,Fresh Greek Yogurt Berry Nut Bowl Style 178,Breakfast,0,13,469.3,30.5,36.9,25.0,4.09,Vegetarian;Gluten-Free;High-Protein;Halal
179,Smoky Garlic Butter Shrimp with Zucchini Noodles & Tomatoes Style 179,Dinner,2,30,528.2,64.0,15.6,24.9,7.48,Keto;Gluten-Free;High-Protein;Low-Carb;Halal
180,Crispy Garlic Butter Shrimp with Zucchini Noodles & Tomatoes Style 180,Dinner,2,23,515.9,58.4,14.9,26.2,6.71,Keto;Gluten-Free;High-Protein;Low-Carb;Halal
181,Spicy Banana Almond Protein Smoothie Style 181,Snack,3,6,663.4,39.9,49.6,36.2,2.81,Vegetarian;Gluten-Free;Halal
182,Golden Hearty Lentil & Vegetable Stew Style 182,Dinner,2,42,477.2,16.7,70.1,16.1,2.2,Vegan;Vegetarian;Gluten-Free;Dairy-Free;Halal
183,Smoky Turkey Avocado BLT Wrap Style 183,Lunch,1,16,892.8,57.3,62.2,49.6,5.3,High-Protein;Halal
184,Rustic Savory Tofu & Mushroom Teriyaki Bowl Style 184,Dinner,2,27,500.5,29.0,52.5,22.8,4.28,Vegan;Vegetarian;Dairy-Free;Halal
185,Savory Greek Yogurt Berry Nut Bowl Style 185,Breakfast,0,5,453.5,26.1,38.2,24.8,4.01,Vegetarian;Gluten-Free;High-Protein;Halal
186,Fiesta Lean Ground Beef Stir-Fry with Brown Rice & Peppers Style 186,Dinner,2,22,728.4,63.7,35.8,38.7,5.41,Gluten-Free;Dairy-Free;High-Protein;Halal
187,Fresh Cheddar Cheese & Boiled Egg Power Snack Style 187,Snack,3,8,198.6,11.7,3.1,15.7,0.9,Vegetarian;Keto;Gluten-Free;High-Protein;Halal
188,Crispy Greek Yogurt Berry Nut Bowl Style 188,Breakfast,0,10,508.6,30.3,43.8,26.7,3.74,Vegetarian;Gluten-Free;High-Protein;Halal
189,Spicy Black Bean Burrito Bowl with Brown Rice Style 189,Lunch,1,20,387.5,20.1,34.7,20.7,3.23,Vegan;Vegetarian;Gluten-Free;Dairy-Free;Halal
190,Fiesta Creamy Garlic Parmesan Chicken Fettuccine Style 190,Dinner,2,35,942.2,84.5,32.3,51.1,4.64,High-Protein;Halal
191,Crispy Avocado & Egg Whole Wheat Toast Style 191,Breakfast,0,15,585.9,22.0,79.8,22.4,2.86,Vegetarian;Halal
192,Fresh Black Bean Burrito Bowl with Brown Rice Style 192,Lunch,1,24,422.9,16.8,64.8,11.9,3.15,Vegan;Vegetarian;Gluten-Free;Dairy-Free;Halal
193,Fiesta Peanut Butter Banana Oatmeal Style 193,Breakfast,0,18,667.2,26.2,87.2,27.1,1.25,Vegan;Vegetarian;Dairy-Free;Halal
194,Spicy Savory Tofu & Mushroom Teriyaki Bowl Style 194,Dinner,2,31,495.2,28.6,53.8,22.0,4.55,Vegan;Vegetarian;Dairy-Free;Halal
195,Fresh Avocado & Egg Whole Wheat Toast Style 195,Breakfast,0,11,726.0,24.1,66.4,44.0,3.15,Vegetarian;Halal
196,Spicy Apple Slices with Natural Peanut Butter Style 196,Snack,3,12,299.4,9.3,31.8,17.9,1.03,Vegan;Vegetarian;Gluten-Free;Dairy-Free;Halal
197,Roasted High-Protein Tofu Breakfast Scramble Style 197,Breakfast,0,16,301.1,17.2,10.4,23.6,2.79,Vegan;Vegetarian;Gluten-Free;Dairy-Free;High-Protein;Halal
198,Savory Apple Slices with Natural Peanut Butter Style 198,Snack,3,-1,270.0,8.0,30.8,15.4,0.99,Vegan;Vegetarian;Gluten-Free;Dairy-Free;Halal
199,Spicy Avocado & Egg Whole Wheat Toast Style 199,Breakfast,0,18,641.4,24.1,43.5,43.8,2.7,Vegetarian;Halal
200,Crispy Turkey Avocado BLT Wrap Style 200,Lunch,1,15,594.8,46.4,48.2,25.4,3.56,High-Protein;Halal
201,Crispy Savory Tofu & Mushroom Teriyaki Bowl Style 201,Dinner,2,32,458.3,24.7,49.7,20.7,3.77,Vegan;Vegetarian;Dairy-Free;Halal
202,Hearty Mediterranean Chickpea & Avocado Salad Style 202,Lunch,1,7,581.0,14.5,49.2,40.3,3.54,Vegan;Vegetarian;Gluten-Free;Dairy-Free;Halal
203,Hearty Mediterranean Chickpea & Avocado Salad Style 203,Lunch,1,13,360.2,10.0,32.6,22.8,2.42,Vegan;Vegetarian;Gluten-Free;Dairy-Free;Halal
204,Herb-Crusted Greek Yogurt Berry Nut Bowl Style 204,Breakfast,0,10,479.1,27.2,42.8,25.3,4.27,Vegetarian;Gluten-Free;High-Protein;Halal
205,Rustic Mediterranean Chickpea & Avocado Salad Style 205,Lunch,1,12,630.0,17.3,57.9,41.0,3.96,Vegan;Vegetarian;Gluten-Free;Dairy-Free;Halal
206,Fiesta Cheddar Cheese & Boiled Egg Power Snack Style 206,Snack,3,15,244.1,16.8,3.6,18.1,1.16,Vegetarian;Keto;Gluten-Free;High-Protein;Halal
207,Golden Garlic Butter Shrimp with Zucchini Noodles & Tomatoes Style 207,Dinner,2,29,444.5,58.6,14.1,18.6,7.2,Keto;Gluten-Free;High-Protein;Low-Carb;Halal
208,Roasted Greek Yogurt Berry Nut Bowl Style 208,Breakfast,0,11,1615.2,7.8,33.9,166.7,4.33,Vegetarian;Gluten-Free;High-Protein;Halal
209,Roasted Avocado & Egg Whole Wheat Toast Style 209,Breakfast,0,11,639.6,24.0,43.1,43.7,2.64,Vegetarian;Halal
210,Garden-Fresh Apple Slices with Natural Peanut Butter Style 210,Snack,3,8,270.0,8.0,30.8,15.4,0.99,Vegan;Vegetarian;Gluten-Free;Dairy-Free;Halal
211,Zesty Black Bean Burrito Bowl with Brown Rice Style 211,Lunch,1,21,379.4,14.1,56.3,11.7,2.33,Vegan;Vegetarian;Gluten-Free;Dairy-Free;Halal
212,Hearty Pan-Seared Salmon with Garlic Butter Broccoli & Sweet Potato Style 212,Dinner,2,40,819.5,48.9,56.2,43.7,7.88,Gluten-Free;High-Protein;Halal
213,Savory Creamy Garlic Parmesan Chicken Fettuccine Style 213,Dinner,2,25,946.4,80.6,31.1,54.4,4.77,High-Protein;Halal
214,Roasted Tuna Salad Whole Wheat Wrap Style 214,Lunch,1,12,463.1,50.2,47.6,7.7,3.14,High-Protein;Halal
215,Roasted Hearty Lentil & Vegetable Stew Style 215,Dinner,2,35,380.5,17.2,79.7,1.1,2.29,Vegan;Vegetarian;Gluten-Free;Dairy-Free;Halal
216,Garden-Fresh High-Protein Tofu Breakfast Scramble Style 216,Breakfast,0,12,367.5,17.4,13.6,29.3,2.91,Vegan;Vegetarian;Gluten-Free;Dairy-Free;High-Protein;Halal
217,Zesty Strawberries & Dark Chocolate Walnut Cup Style 217,Snack,3,-1,238.3,6.2,13.5,20.0,2.4,Vegan;Vegetarian;Gluten-Free;Halal
218,Roasted Grilled Chicken & Quinoa Harvest Bowl Style 218,Lunch,1,33,551.9,65.2,33.5,17.9,4.42,Gluten-Free;High-Protein;Halal
219,Zesty Classic Spinach & Mushroom Omelette Style 219,Breakfast,0,15,455.2,31.4,5.8,34.5,2.77,Vegetarian;Keto;Gluten-Free;High-Protein;Halal
220,Savory Peanut Butter Banana Oatmeal Style 220,Breakfast,0,7,615.1,23.5,82.6,24.4,1.28,Vegan;Vegetarian;Dairy-Free;Halal
221,Crispy Turkey Avocado BLT Wrap Style 221,Lunch,1,11,834.2,49.4,60.8,47.4,4.81,High-Protein;Halal
222,Crispy Avocado & Egg Whole Wheat Toast Style 222,Breakfast,0,18,638.7,23.9,42.9,43.7,2.61,Vegetarian;Halal
223,Smoky Cheddar Cheese & Boiled Egg Power Snack Style 223,Snack,3,4,284.2,19.3,3.8,21.4,1.27,Vegetarian;Keto;Gluten-Free;High-Protein;Halal
224,Hearty Mediterranean Chickpea & Avocado Salad Style 224,Lunch,1,8,612.6,21.5,62.0,36.0,4.07,Vegan;Vegetarian;Gluten-Free;Dairy-Free;Halal
225,Golden Berry Chia Yogurt Parfait Style 225,Breakfast,0,9,411.1,19.5,30.2,26.3,2.97,Vegetarian;Gluten-Free;Halal
226,Fresh Berry Chia Yogurt Parfait Style 226,Breakfast,0,4,445.2,21.7,38.4,25.7,3.55,Vegetarian;Gluten-Free;Halal
227,Roasted Avocado & Egg Whole Wheat Toast Style 227,Breakfast,0,17,637.8,23.9,42.7,43.7,2.58,Vegetarian;Halal
228,Zesty Creamy Tomato & Mozzarella Penne Style 228,Lunch,1,27,461.6,24.2,47.6,20.9,2.4,Vegetarian;Halal
229,Smoky Avocado & Egg Whole Wheat Toast Style 229,Breakfast,0,9,638.7,23.9,42.9,43.7,2.61,Vegetarian;Halal
230,Golden Pan-Seared Salmon with Garlic Butter Broccoli & Sweet Potato Style 230,Dinner,2,28,737.1,57.2,46.9,34.6,7.72,Gluten-Free;High-Protein;Halal
231,Savory Classic Spinach & Mushroom Omelette Style 231,Breakfast,0,12,402.1,32.9,5.5,27.8,2.6,Vegetarian;Keto;Gluten-Free;High-Protein;Halal
232,Hearty Savory Tofu & Mushroom Teriyaki Bowl Style 232,Dinner,2,33,431.2,24.8,43.4,20.7,3.83,Vegan;Vegetarian;Dairy-Free;Halal
233,Spicy Black Bean Burrito Bowl with Brown Rice Style 233,Lunch,1,19,441.7,18.0,67.5,12.0,2.58,Vegan;Vegetarian;Gluten-Free;Dairy-Free;Halal
234,Zesty Black Bean Burrito Bowl with Brown Rice Style 234,Lunch,1,19,451.1,18.7,69.3,12.0,2.54,Vegan;Vegetarian;Gluten-Free;Dairy-Free;Halal
235,Golden Black Bean Burrito Bowl with Brown Rice Style 235,Lunch,1,30,429.7,16.9,65.4,12.0,2.37,Vegan;Vegetarian;Gluten-Free;Dairy-Free;Halal
236,Smoky Apple Slices with Natural Peanut Butter Style 236,Snack,3,10,299.4,9.3,31.8,17.9,1.03,Vegan;Vegetarian;Gluten-Free;Dairy-Free;Halal
237,Savory Turkey Avocado BLT Wrap Style 237,Lunch,1,16,893.0,58.8,60.6,49.9,5.3,High-Protein;Halal
238,Smoky Creamy Garlic Parmesan Chicken Fettuccine Style 238,Dinner,2,32,962.3,73.7,39.4,55.7,4.34,High-Protein;Halal
239,Fiesta Tuna Salad Whole Wheat Wrap Style 239,Lunch,1,18,411.7,38.1,48.2,7.6,2.64,High-Protein;Halal
240,Zesty Savory Tofu & Mushroom Teriyaki Bowl Style 240,Dinner,2,31,459.2,28.2,44.6,22.1,4.38,Vegan;Vegetarian;Dairy-Free;Halal
241,Fiesta Berry Chia Yogurt Parfait Style 241,Breakfast,0,0,580.5,25.9,23.1,45.7,3.76,Vegetarian;Gluten-Free;Halal
242,Rustic Peanut Butter Banana Oatmeal Style 242,Breakfast,0,19,659.4,25.6,79.9,30.0,1.45,Vegan;Vegetarian;Dairy-Free;Halal
243,Fresh Strawberries & Dark Chocolate Walnut Cup Style 243,Snack,3,8,229.1,4.6,20.1,16.6,2.27,Vegan;Vegetarian;Gluten-Free;Halal
244,Savory Lean Ground Beef Stir-Fry with Brown Rice & Peppers Style 244,Dinner,2,35,541.1,43.8,36.3,26.0,3.94,Gluten-Free;Dairy-Free;High-Protein;Halal
245,Spicy Peanut Butter Banana Oatmeal Style 245,Breakfast,0,10,537.3,23.5,59.4,24.8,0.99,Vegan;Vegetarian;Dairy-Free;Halal
246,Roasted Mediterranean Chickpea & Avocado Salad Style 246,Lunch,1,19,546.9,12.9,43.2,39.8,2.91,Vegan;Vegetarian;Gluten-Free;Dairy-Free;Halal
247,Garden-Fresh Classic Spinach & Mushroom Omelette Style 247,Breakfast,0,13,281.9,12.1,4.1,25.1,1.78,Vegetarian;Keto;Gluten-Free;High-Protein;Halal
248,Herb-Crusted Savory Tofu & Mushroom Teriyaki Bowl Style 248,Dinner,2,32,445.8,23.8,50.2,19.9,3.83,Vegan;Vegetarian;Dairy-Free;Halal
249,Savory Apple Slices with Natural Peanut Butter Style 249,Snack,3,7,328.8,10.5,32.8,20.4,1.07,Vegan;Vegetarian;Gluten-Free;Dairy-Free;Halal
250,Fresh Banana Almond Protein Smoothie Style 250,Snack,3,12,404.5,16.7,49.2,18.4,1.79,Vegetarian;Gluten-Free;Halal
251,Fresh Lean Ground Beef Stir-Fry with Brown Rice & Peppers Style 251,Dinner,2,25,517.4,43.3,31.5,25.8,3.86,Gluten-Free;Dairy-Free;High-Protein;Halal
252,Rustic Hearty Lentil & Vegetable Stew Style 252,Dinner,2,45,370.1,13.8,57.2,10.9,1.86,Vegan;Vegetarian;Gluten-Free;Dairy-Free;Halal
253,Fiesta Lean Ground Beef Stir-Fry with Brown Rice & Peppers Style 253,Dinner,2,27,307.0,20.3,37.9,9.9,2.83,Gluten-Free;Dairy-Free;High-Protein;Halal
254,Rustic Savory Tofu & Mushroom Teriyaki Bowl Style 254,Dinner,2,31,420.3,23.4,45.6,19.0,3.92,Vegan;Vegetarian;Dairy-Free;Halal
255,Smoky Savory Tofu & Mushroom Teriyaki Bowl Style 255,Dinner,2,28,501.5,24.0,80.4,11.8,3.22,Vegan;Vegetarian;Dairy-Free;Halal
256,Savory Turkey Avocado BLT Wrap Style 256,Lunch,1,23,834.2,49.4,60.8,47.4,4.81,High-Protein;Halal
257,Fresh Berry Chia Yogurt Parfait Style 257,Breakfast,0,10,281.8,19.6,26.3,12.4,2.77,Vegetarian;Gluten-Free;Halal
258,Rustic Black Bean Burrito Bowl with Brown Rice Style 258,Lunch,1,28,445.8,17.1,69.2,12.1,2.54,Vegan;Vegetarian;Gluten-Free;Dairy-Free;Halal
259,Rustic Greek Yogurt Berry Nut Bowl Style 259,Breakfast,0,12,452.3,28.6,41.1,22.1,4.28,Vegetarian;Gluten-Free;High-Protein;Halal
260,Herb-Crusted Hearty Lentil & Vegetable Stew Style 260,Dinner,2,38,419.8,16.9,66.8,11.1,2.12,Vegan;Vegetarian;Gluten-Free;Dairy-Free;Halal
261,Spicy Turkey Avocado BLT Wrap Style 261,Lunch,1,21,902.9,60.3,60.9,50.2,5.45,High-Protein;Halal
262,Smoky Avocado & Egg Whole Wheat Toast Style 262,Breakfast,0,15,638.7,23.9,42.9,43.7,2.61,Vegetarian;Halal
263,Fresh Savory Tofu & Mushroom Teriyaki Bowl Style 263,Dinner,2,20,444.2,24.3,50.3,19.1,4.04,Vegan;Vegetarian;Dairy-Free;Halal
264,Herb-Crusted Peanut Butter Banana Oatmeal Style 264,Breakfast,0,13,500.6,21.8,54.8,23.5,0.89,Vegan;Vegetarian;Dairy-Free;Halal
265,Fiesta Avocado & Egg Whole Wheat Toast Style 265,Breakfast,0,12,637.8,23.9,42.7,43.7,2.58,Vegetarian;Halal
266,Fiesta Lean Ground Beef Stir-Fry with Brown Rice & Peppers Style 266,Dinner,2,20,499.8,42.8,27.6,25.7,3.81,Gluten-Free;Dairy-Free;High-Protein;Halal
267,Savory Creamy Tomato & Mozzarella Penne Style 267,Lunch,1,24,534.5,22.7,48.8,28.3,2.3,Vegetarian;Halal
268,Crispy High-Protein Tofu Breakfast Scramble Style 268,Breakfast,0,10,375.1,19.2,12.1,30.3,3.06,Vegan;Vegetarian;Gluten-Free;Dairy-Free;High-Protein;Halal
269,Fiesta Banana Almond Protein Smoothie Style 269,Snack,3,14,421.5,17.9,50.4,19.3,1.89,Vegetarian;Gluten-Free;Halal
270,Savory Grilled Chicken & Quinoa Harvest Bowl Style 270,Lunch,1,27,622.1,72.5,26.5,24.3,4.63,Gluten-Free;High-Protein;Halal
271,Fiesta Tuna Salad Whole Wheat Wrap Style 271,Lunch,1,14,411.6,37.3,48.6,7.8,2.65,High-Protein;Halal
272,Roasted Grilled Chicken & Quinoa Harvest Bowl Style 272,Lunch,1,27,591.3,65.6,28.4,23.5,4.37,Gluten-Free;High-Protein;Halal
273,Fiesta Hearty Lentil & Vegetable Stew Style 273,Dinner,2,41,532.1,17.3,72.2,21.1,2.45,Vegan;Vegetarian;Gluten-Free;Dairy-Free;Halal
274,Fiesta Savory Tofu & Mushroom Teriyaki Bowl Style 274,Dinner,2,32,410.6,22.7,43.6,18.9,3.79,Vegan;Vegetarian;Dairy-Free;Halal
275,Rustic Garlic Butter Shrimp with Zucchini Noodles & Tomatoes Style 275,Dinner,2,23,494.6,65.0,14.9,20.8,7.46,Keto;Gluten-Free;High-Protein;Low-Carb;Halal
276,Rustic Avocado & Egg Whole Wheat Toast Style 276,Breakfast,0,7,638.7,23.9,42.9,43.7,2.61,Vegetarian;Halal
277,Garden-Fresh Black Bean Burrito Bowl with Brown Rice Style 277,Lunch,1,16,426.2,16.1,65.3,12.1,2.39,Vegan;Vegetarian;Gluten-Free;Dairy-Free;Halal
278,Fiesta Black Bean Burrito Bowl with Brown Rice Style 278,Lunch,1,23,444.2,17.8,68.4,12.1,2.4,Vegan;Vegetarian;Gluten-Free;Dairy-Free;Halal
279,Golden Berry Chia Yogurt Parfait Style 279,Breakfast,0,2,523.5,26.4,25.9,38.4,3.41,Vegetarian;Gluten-Free;Halal
280,Garden-Fresh Tuna Salad Whole Wheat Wrap Style 280,Lunch,1,10,464.9,50.3,48.0,7.7,3.2,High-Protein;Halal
281,Herb-Crusted Turkey Avocado BLT Wrap Style 281,Lunch,1,11,736.4,43.4,60.3,38.3,4.15,High-Protein;Halal
282,Golden Hearty Lentil & Vegetable Stew Style 282,Dinner,2,40,476.5,16.6,70.1,16.1,2.23,Vegan;Vegetarian;Gluten-Free;Dairy-Free;Halal
283,Crispy Mediterranean Chickpea & Avocado Salad Style 283,Lunch,1,8,616.2,17.3,65.7,36.2,4.82,Vegan;Vegetarian;Gluten-Free;Dairy-Free;Halal
284,Savory Pan-Seared Salmon with Garlic Butter Broccoli & Sweet Potato Style 284,Dinner,2,34,900.3,56.3,57.9,48.3,8.92,Gluten-Free;High-Protein;Halal
285,Smoky Apple Slices with Natural Peanut Butter Style 285,Snack,3,13,299.4,9.3,31.8,17.9,1.03,Vegan;Vegetarian;Gluten-Free;Dairy-Free;Halal
286,Garden-Fresh Grilled Chicken & Quinoa Harvest Bowl Style 286,Lunch,1,30,633.0,73.2,27.3,24.7,4.83,Gluten-Free;High-Protein;Halal
287,Smoky Classic Spinach & Mushroom Omelette Style 287,Breakfast,0,14,370.8,30.5,6.4,25.1,2.67,Vegetarian;Keto;Gluten-Free;High-Protein;Halal
288,Savory Tuna Salad Whole Wheat Wrap Style 288,Lunch,1,7,405.7,36.1,48.5,7.7,2.59,High-Protein;Halal
289,Savory Apple Slices with Natural Peanut Butter Style 289,Snack,3,-1,299.4,9.3,31.8,17.9,1.03,Vegan;Vegetarian;Gluten-Free;Dairy-Free;Halal
290,Fiesta Lean Ground Beef Stir-Fry with Brown Rice & Peppers Style 290,Dinner,2,30,699.6,63.0,30.0,38.5,5.24,Gluten-Free;Dairy-Free;High-Protein;Halal
291,Rustic Creamy Garlic Parmesan Chicken Fettuccine Style 291,Dinner,2,35,858.5,71.8,40.3,44.3,4.04,High-Protein;Halal
292,Savory Lean Ground Beef Stir-Fry with Brown Rice & Peppers Style 292,Dinner,2,21,635.5,53.8,35.0,32.7,4.64,Gluten-Free;Dairy-Free;High-Protein;Halal
293,Golden Grilled Chicken & Quinoa Harvest Bowl Style 293,Lunch,1,25,505.9,54.4,32.8,17.5,4.1,Gluten-Free;High-Protein;Halal
294,Crispy Classic Spinach & Mushroom Omelette Style 294,Breakfast,0,13,484.9,34.8,5.7,35.9,2.82,Vegetarian;Keto;Gluten-Free;High-Protein;Halal
295,Zesty Classic Spinach & Mushroom Omelette Style 295,Breakfast,0,12,469.0,29.8,5.4,36.8,2.61,Vegetarian;Keto;Gluten-Free;High-Protein;Halal
296,Fresh Apple Slices with Natural Peanut Butter Style 296,Snack,3,0,328.8,10.5,32.8,20.4,1.07,Vegan;Vegetarian;Gluten-Free;Dairy-Free;Halal
297,Fiesta Grilled Chicken & Quinoa Harvest Bowl Style 297,Lunch,1,25,571.8,61.3,29.7,23.0,4.37,Gluten-Free;High-Protein;Halal
298,Crispy Apple Slices with Natural Peanut Butter Style 298,Snack,3,11,299.4,9.3,31.8,17.9,1.03,Vegan;Vegetarian;Gluten-Free;Dairy-Free;Halal
299,Golden Berry Chia Yogurt Parfait Style 299,Breakfast,0,7,403.0,20.8,35.4,22.3,3.0,Vegetarian;Gluten-Free;Halal
300,Rustic Cheddar Cheese & Boiled Egg Power Snack Style 300,Snack,3,16,129.5,11.7,4.4,7.4,1.0,Vegetarian;Keto;Gluten-Free;High-Protein;Halal
301,Fiesta Grilled Chicken & Quinoa Harvest Bowl Style 301,Lunch,1,31,650.6,73.9,31.9,24.7,4.96,Gluten-Free;High-Protein;Halal
302,Roasted Hearty Lentil & Vegetable Stew Style 302,Dinner,2,38,406.0,19.7,72.9,5.7,2.12,Vegan;Vegetarian;Gluten-Free;Dairy-Free;Halal
303,Smoky Greek Yogurt Berry Nut Bowl Style 303,Breakfast,0,1,520.0,32.5,42.2,27.8,4.02,Vegetarian;Gluten-Free;High-Protein;Halal
304,Fresh Mediterranean Chickpea & Avocado Salad Style 304,Lunch,1,18,665.8,16.9,56.3,45.9,3.92,Vegan;Vegetarian;Gluten-Free;Dairy-Free;Halal
305,Zesty Apple Slices with Natural Peanut Butter Style 305,Snack,3,2,270.0,8.0,30.8,15.4,0.99,Vegan;Vegetarian;Gluten-Free;Dairy-Free;Halal
306,Hearty Apple Slices with Natural Peanut Butter Style 306,Snack,3,7,328.8,10.5,32.8,20.4,1.07,Vegan;Vegetarian;Gluten-Free;Dairy-Free;Halal
307,Spicy Berry Chia Yogurt Parfait Style 307,Breakfast,0,4,268.9,18.5,25.2,11.9,2.54,Vegetarian;Gluten-Free;Halal
308,Garden-Fresh Creamy Tomato & Mozzarella Penne Style 308,Lunch,1,17,657.4,32.3,67.4,30.8,2.38,Vegetarian;Halal
309,Garden-Fresh Turkey Avocado BLT Wrap Style 309,Lunch,1,25,898.6,60.0,60.0,50.2,5.29,High-Protein;Halal
310,Golden Cheddar Cheese & Boiled Egg Power Snack Style 310,Snack,3,14,282.8,19.3,3.4,21.4,1.22,Vegetarian;Keto;Gluten-Free;High-Protein;Halal
311,Fiesta Mediterranean Chickpea & Avocado Salad Style 311,Lunch,1,19,548.8,15.2,51.2,35.5,3.52,Vegan;Vegetarian;Gluten-Free;Dairy-Free;Halal
312,Zesty Apple Slices with Natural Peanut Butter Style 312,Snack,3,5,270.0,8.0,30.8,15.4,0.99,Vegan;Vegetarian;Gluten-Free;Dairy-Free;Halal
313,Fresh Cheddar Cheese & Boiled Egg Power Snack Style 313,Snack,3,5,152.2,13.0,2.8,9.7,0.88,Vegetarian;Keto;Gluten-Free;High-Protein;Halal
314,Fiesta Strawberries & Dark Chocolate Walnut Cup Style 314,Snack,3,10,319.8,5.3,12.6,29.9,2.4,Vegan;Vegetarian;Gluten-Free;Halal
315,Smoky Tuna Salad Whole Wheat Wrap Style 315,Lunch,1,20,411.6,37.3,48.6,7.8,2.65,High-Protein;Halal
316,Golden Pan-Seared Salmon with Garlic Butter Broccoli & Sweet Potato Style 316,Dinner,2,34,717.4,70.7,44.5,28.4,5.26,Gluten-Free;High-Protein;Halal
317,Golden Classic Spinach & Mushroom Omelette Style 317,Breakfast,0,25,277.3,10.0,3.6,25.8,1.6,Vegetarian;Keto;Gluten-Free;High-Protein;Halal
318,Crispy Classic Spinach & Mushroom Omelette Style 318,Breakfast,0,19,689.2,36.3,59.0,36.5,3.14,Vegetarian;Keto;Gluten-Free;High-Protein;Halal
319,Hearty Black Bean Burrito Bowl with Brown Rice Style 319,Lunch,1,30,346.6,15.0,55.7,8.2,2.13,Vegan;Vegetarian;Gluten-Free;Dairy-Free;Halal
320,Savory Grilled Chicken & Quinoa Harvest Bowl Style 320,Lunch,1,35,535.5,48.1,26.4,26.5,3.62,Gluten-Free;High-Protein;Halal
321,Rustic Strawberries & Dark Chocolate Walnut Cup Style 321,Snack,3,10,252.2,5.1,18.5,19.8,1.92,Vegan;Vegetarian;Gluten-Free;Halal
322,Spicy Berry Chia Yogurt Parfait Style 322,Breakfast,0,11,375.5,10.6,38.4,22.5,2.5,Vegetarian;Gluten-Free;Halal
323,Crispy Savory Tofu & Mushroom Teriyaki Bowl Style 323,Dinner,2,35,503.3,30.0,52.5,22.9,4.55,Vegan;Vegetarian;Dairy-Free;Halal
324,Hearty Apple Slices with Natural Peanut Butter Style 324,Snack,3,-1,270.0,8.0,30.8,15.4,0.99,Vegan;Vegetarian;Gluten-Free;Dairy-Free;Halal
325,Fresh Garlic Butter Shrimp with Zucchini Noodles & Tomatoes Style 325,Dinner,2,21,575.6,72.9,22.3,22.4,8.78,Keto;Gluten-Free;High-Protein;Low-Carb;Halal
326,Zesty High-Protein Tofu Breakfast Scramble Style 326,Breakfast,0,18,360.6,17.2,13.2,28.9,2.99,Vegan;Vegetarian;Gluten-Free;Dairy-Free;High-Protein;Halal
327,Garden-Fresh Creamy Tomato & Mozzarella Penne Style 327,Lunch,1,15,477.2,21.7,47.4,23.2,2.1,Vegetarian;Halal
328,Fresh Banana Almond Protein Smoothie Style 328,Snack,3,3,403.5,17.6,49.9,17.4,1.87,Vegetarian;Gluten-Free;Halal
329,Fresh Peanut Butter Banana Oatmeal Style 329,Breakfast,0,20,734.0,27.7,93.7,31.3,1.86,Vegan;Vegetarian;Dairy-Free;Halal
330,Herb-Crusted Greek Yogurt Berry Nut Bowl Style 330,Breakfast,0,10,411.1,24.1,35.7,21.8,3.8,Vegetarian;Gluten-Free;High-Protein;Halal
331,Zesty Mediterranean Chickpea & Avocado Salad Style 331,Lunch,1,14,380.4,13.7,43.6,18.8,2.72,Vegan;Vegetarian;Gluten-Free;Dairy-Free;Halal
332,Rustic High-Protein Tofu Breakfast Scramble Style 332,Breakfast,0,16,352.0,20.8,13.8,26.3,3.23,Vegan;Vegetarian;Gluten-Free;Dairy-Free;High-Protein;Halal
333,Hearty Creamy Garlic Parmesan Chicken Fettuccine Style 333,Dinner,2,27,938.0,87.6,34.3,48.4,4.81,High-Protein;Halal
334,Garden-Fresh Black Bean Burrito Bowl with Brown Rice Style 334,Lunch,1,16,399.9,15.7,59.7,11.8,2.3,Vegan;Vegetarian;Gluten-Free;Dairy-Free;Halal
335,Zesty Mediterranean Chickpea & Avocado Salad Style 335,Lunch,1,10,589.0,14.9,51.1,40.3,3.82,Vegan;Vegetarian;Gluten-Free;Dairy-Free;Halal
336,Zesty Strawberries & Dark Chocolate Walnut Cup Style 336,Snack,3,14,253.8,5.2,18.9,19.8,2.0,Vegan;Vegetarian;Gluten-Free;Halal
337,Roasted Apple Slices with Natural Peanut Butter Style 337,Snack,3,0,270.0,8.0,30.8,15.4,0.99,Vegan;Vegetarian;Gluten-Free;Dairy-Free;Halal
338,Zesty Black Bean Burrito Bowl with Brown Rice Style 338,Lunch,1,23,391.4,15.1,58.4,11.8,2.36,Vegan;Vegetarian;Gluten-Free;Dairy-Free;Halal
339,Crispy Cheddar Cheese & Boiled Egg Power Snack Style 339,Snack,3,18,264.1,18.1,3.7,19.7,1.22,Vegetarian;Keto;Gluten-Free;High-Protein;Halal
340,Fiesta High-Protein Tofu Breakfast Scramble Style 340,Breakfast,0,18,296.6,15.0,12.7,22.7,2.63,Vegan;Vegetarian;Gluten-Free;Dairy-Free;High-Protein;Halal
341,Crispy Lean Ground Beef Stir-Fry with Brown Rice & Peppers Style 341,Dinner,2,20,683.0,60.2,32.0,36.9,5.07,Gluten-Free;Dairy-Free;High-Protein;Halal
342,Fiesta Garlic Butter Shrimp with Zucchini Noodles & Tomatoes Style 342,Dinner,2,25,566.1,72.7,16.1,25.1,8.44,Keto;Gluten-Free;High-Protein;Low-Carb;Halal
343,Fiesta Tuna Salad Whole Wheat Wrap Style 343,Lunch,1,12,480.8,44.4,48.3,12.5,2.94,High-Protein;Halal
344,Smoky Greek Yogurt Berry Nut Bowl Style 344,Breakfast,0,8,476.5,30.6,39.8,24.6,4.27,Vegetarian;Gluten-Free;High-Protein;Halal
345,Crispy Lean Ground Beef Stir-Fry with Brown Rice & Peppers Style 345,Dinner,2,35,656.5,50.2,30.1,39.6,4.58,Gluten-Free;Dairy-Free;High-Protein;Halal
346,Golden Strawberries & Dark Chocolate Walnut Cup Style 346,Snack,3,4,291.3,6.0,20.7,23.1,2.32,Vegan;Vegetarian;Gluten-Free;Halal
347,Savory Black Bean Burrito Bowl with Brown Rice Style 347,Lunch,1,17,428.1,16.5,65.5,12.0,2.52,Vegan;Vegetarian;Gluten-Free;Dairy-Free;Halal
348,Golden Mediterranean Chickpea & Avocado Salad Style 348,Lunch,1,10,568.4,13.7,47.5,40.0,3.65,Vegan;Vegetarian;Gluten-Free;Dairy-Free;Halal
349,Zesty Hearty Lentil & Vegetable Stew Style 349,Dinner,2,39,543.2,18.6,73.7,21.2,2.46,Vegan;Vegetarian;Gluten-Free;Dairy-Free;Halal
350,Zesty Lean Ground Beef Stir-Fry with Brown Rice & Peppers Style 350,Dinner,2,24,690.8,61.8,30.6,37.7,5.38,Gluten-Free;Dairy-Free;High-Protein;Halal
351,Garden-Fresh Creamy Tomato & Mozzarella Penne Style 351,Lunch,1,21,420.7,19.5,36.4,22.9,1.91,Vegetarian;Halal
352,Fresh Berry Chia Yogurt Parfait Style 352,Breakfast,0,12,458.5,26.6,30.8,28.1,3.6,Vegetarian;Gluten-Free;Halal
353,Spicy Lean Ground Beef Stir-Fry with Brown Rice & Peppers Style 353,Dinner,2,26,558.2,48.9,27.2,29.8,4.22,Gluten-Free;Dairy-Free;High-Protein;Halal
354,Fiesta Classic Spinach & Mushroom Omelette Style 354,Breakfast,0,19,396.1,16.6,5.1,35.2,2.17,Vegetarian;Keto;Gluten-Free;High-Protein;Halal
355,Savory Berry Chia Yogurt Parfait Style 355,Breakfast,0,15,506.9,28.0,40.9,28.2,2.71,Vegetarian;Gluten-Free;Halal
356,Smoky Turkey Avocado BLT Wrap Style 356,Lunch,1,15,714.3,44.7,60.6,36.1,4.36,High-Protein;Halal
357,Golden Peanut Butter Banana Oatmeal Style 357,Breakfast,0,6,688.4,26.9,88.8,28.5,1.46,Vegan;Vegetarian;Dairy-Free;Halal
358,Savory Strawberries & Dark Chocolate Walnut Cup Style 358,Snack,3,11,229.1,4.6,20.1,16.6,2.27,Vegan;Vegetarian;Gluten-Free;Halal
359,Roasted Peanut Butter Banana Oatmeal Style 359,Breakfast,0,8,675.8,26.3,83.0,30.2,1.45,Vegan;Vegetarian;Dairy-Free;Halal
360,Roasted Strawberries & Dark Chocolate Walnut Cup Style 360,Snack,3,2,255.4,5.2,19.3,19.8,2.07,Vegan;Vegetarian;Gluten-Free;Halal
361,Garden-Fresh Garlic Butter Shrimp with Zucchini Noodles & Tomatoes Style 361,Dinner,2,21,546.4,65.7,15.1,26.3,7.46,Keto;Gluten-Free;High-Protein;Low-Carb;Halal
362,Garden-Fresh Turkey Avocado BLT Wrap Style 362,Lunch,1,13,951.6,48.1,61.0,61.9,5.32,High-Protein;Halal
363,Fiesta Apple Slices with Natural Peanut Butter Style 363,Snack,3,0,358.2,11.8,33.8,22.9,1.11,Vegan;Vegetarian;Gluten-Free;Dairy-Free;Halal
364,Rustic Peanut Butter Banana Oatmeal Style 364,Breakfast,0,6,643.7,24.8,86.6,25.2,1.34,Vegan;Vegetarian;Dairy-Free;Halal
365,Golden Black Bean Burrito Bowl with Brown Rice Style 365,Lunch,1,20,436.0,17.9,66.2,12.0,2.56,Vegan;Vegetarian;Gluten-Free;Dairy-Free;Halal
366,Golden Creamy Tomato & Mozzarella Penne Style 366,Lunch,1,27,669.4,22.9,97.7,24.1,3.77,Vegetarian;Halal
367,Smoky Hearty Lentil & Vegetable Stew Style 367,Dinner,2,44,504.8,15.7,67.3,21.2,3.1,Vegan;Vegetarian;Gluten-Free;Dairy-Free;Halal
368,Fresh Berry Chia Yogurt Parfait Style 368,Breakfast,0,4,446.6,23.0,31.9,28.1,3.33,Vegetarian;Gluten-Free;Halal
369,Spicy Hearty Lentil & Vegetable Stew Style 369,Dinner,2,37,404.5,13.4,55.4,15.9,1.92,Vegan;Vegetarian;Gluten-Free;Dairy-Free;Halal
370,Golden Strawberries & Dark Chocolate Walnut Cup Style 370,Snack,3,6,291.3,6.0,20.7,23.1,2.32,Vegan;Vegetarian;Gluten-Free;Halal
371,Golden Hearty Lentil & Vegetable Stew Style 371,Dinner,2,45,418.5,17.1,66.3,11.1,2.21,Vegan;Vegetarian;Gluten-Free;Dairy-Free;Halal
372,Herb-Crusted Hearty Lentil & Vegetable Stew Style 372,Dinner,2,37,419.6,13.7,58.8,15.9,1.95,Vegan;Vegetarian;Gluten-Free;Dairy-Free;Halal
373,Spicy Avocado & Egg Whole Wheat Toast Style 373,Breakfast,0,5,638.7,23.9,42.9,43.7,2.61,Vegetarian;Halal
374,Crispy Peanut Butter Banana Oatmeal Style 374,Breakfast,0,14,610.9,23.5,80.5,24.8,1.34,Vegan;Vegetarian;Dairy-Free;Halal
375,Roasted Garlic Butter Shrimp with Zucchini Noodles & Tomatoes Style 375,Dinner,2,30,435.5,52.7,16.1,19.3,6.52,Keto;Gluten-Free;High-Protein;Low-Carb;Halal
376,Golden Strawberries & Dark Chocolate Walnut Cup Style 376,Snack,3,8,212.6,7.0,21.7,12.8,1.97,Vegan;Vegetarian;Gluten-Free;Halal
377,Roasted Savory Tofu & Mushroom Teriyaki Bowl Style 377,Dinner,2,23,598.2,34.0,70.2,24.2,4.09,Vegan;Vegetarian;Dairy-Free;Halal
378,Hearty Pan-Seared Salmon with Garlic Butter Broccoli & Sweet Potato Style 378,Dinner,2,28,769.7,47.5,57.5,38.4,7.71,Gluten-Free;High-Protein;Halal
379,Spicy Creamy Garlic Parmesan Chicken Fettuccine Style 379,Dinner,2,40,910.5,82.6,41.8,44.3,4.54,High-Protein;Halal
380,Smoky Garlic Butter Shrimp with Zucchini Noodles & Tomatoes Style 380,Dinner,2,25,516.1,70.8,14.5,20.8,7.94,Keto;Gluten-Free;High-Protein;Low-Carb;Halal
381,Crispy Garlic Butter Shrimp with Zucchini Noodles & Tomatoes Style 381,Dinner,2,28,553.8,59.1,27.6,24.5,6.49,Keto;Gluten-Free;High-Protein;Low-Carb;Halal
382,Garden-Fresh Banana Almond Protein Smoothie Style 382,Snack,3,6,454.9,20.9,52.0,21.0,2.13,Vegetarian;Gluten-Free;Halal
383,Hearty Grilled Chicken & Quinoa Harvest Bowl Style 383,Lunch,1,30,640.4,65.5,29.3,28.6,4.51,Gluten-Free;High-Protein;Halal
384,Smoky Peanut Butter Banana Oatmeal Style 384,Breakfast,0,14,666.7,25.8,82.2,29.7,1.41,Vegan;Vegetarian;Dairy-Free;Halal
385,Smoky Lean Ground Beef Stir-Fry with Brown Rice & Peppers Style 385,Dinner,2,29,473.7,39.9,27.7,23.9,3.62,Gluten-Free;Dairy-Free;High-Protein;Halal
386,Rustic Strawberries & Dark Chocolate Walnut Cup Style 386,Snack,3,10,277.5,4.4,9.6,26.5,1.85,Vegan;Vegetarian;Gluten-Free;Halal
387,Savory Creamy Garlic Parmesan Chicken Fettuccine Style 387,Dinner,2,34,934.7,78.9,38.7,50.3,4.47,High-Protein;Halal
388,Zesty Strawberries & Dark Chocolate Walnut Cup Style 388,Snack,3,9,265.0,5.4,21.6,19.9,2.52,Vegan;Vegetarian;Gluten-Free;Halal
389,Zesty Savory Tofu & Mushroom Teriyaki Bowl Style 389,Dinner,2,31,412.7,22.2,46.7,18.3,3.8,Vegan;Vegetarian;Dairy-Free;Halal
390,Roasted Apple Slices with Natural Peanut Butter Style 390,Snack,3,4,270.0,8.0,30.8,15.4,0.99,Vegan;Vegetarian;Gluten-Free;Dairy-Free;Halal
391,Spicy Black Bean Burrito Bowl with Brown Rice Style 391,Lunch,1,23,382.1,14.0,56.8,11.8,2.12,Vegan;Vegetarian;Gluten-Free;Dairy-Free;Halal
392,Herb-Crusted High-Protein Tofu Breakfast Scramble Style 392,Breakfast,0,19,311.8,17.6,10.6,24.5,2.67,Vegan;Vegetarian;Gluten-Free;Dairy-Free;High-Protein;Halal
393,Smoky Hearty Lentil & Vegetable Stew Style 393,Dinner,2,43,425.1,16.8,68.0,11.1,2.06,Vegan;Vegetarian;Gluten-Free;Dairy-Free;Halal
394,Roasted Savory Tofu & Mushroom Teriyaki Bowl Style 394,Dinner,2,35,447.5,25.3,48.6,20.2,4.19,Vegan;Vegetarian;Dairy-Free;Halal
395,Smoky Savory Tofu & Mushroom Teriyaki Bowl Style 395,Dinner,2,30,468.9,29.4,44.5,23.0,4.44,Vegan;Vegetarian;Dairy-Free;Halal
396,Smoky Pan-Seared Salmon with Garlic Butter Broccoli & Sweet Potato Style 396,Dinner,2,39,881.8,56.8,51.1,48.9,8.85,Gluten-Free;High-Protein;Halal
397,Zesty Hearty Lentil & Vegetable Stew Style 397,Dinner,2,32,439.2,15.2,62.2,16.0,2.02,Vegan;Vegetarian;Gluten-Free;Dairy-Free;Halal
398,Fiesta Grilled Chicken & Quinoa Harvest Bowl Style 398,Lunch,1,33,599.1,65.9,30.1,23.6,4.55,Gluten-Free;High-Protein;Halal
399,Savory Cheddar Cheese & Boiled Egg Power Snack Style 399,Snack,3,4,150.3,9.2,2.7,11.6,0.72,Vegetarian;Keto;Gluten-Free;High-Protein;Halal
400,Smoky Berry Chia Yogurt Parfait Style 400,Breakfast,0,12,440.5,22.0,36.3,25.8,3.14,Vegetarian;Gluten-Free;Halal
401,Golden Lean Ground Beef Stir-Fry with Brown Rice & Peppers Style 401,Dinner,2,22,508.2,41.1,34.7,24.2,3.84,Gluten-Free;Dairy-Free;High-Protein;Halal
402,Roasted Turkey Avocado BLT Wrap Style 402,Lunch,1,10,791.0,42.6,60.6,45.7,4.4,High-Protein;Halal
403,Herb-Crusted Hearty Lentil & Vegetable Stew Style 403,Dinner,2,41,415.0,16.5,66.0,11.1,2.08,Vegan;Vegetarian;Gluten-Free;Dairy-Free;Halal
404,Roasted Classic Spinach & Mushroom Omelette Style 404,Breakfast,0,12,535.2,35.4,4.9,41.5,2.65,Vegetarian;Keto;Gluten-Free;High-Protein;Halal
405,Hearty Black Bean Burrito Bowl with Brown Rice Style 405,Lunch,1,21,495.5,21.0,77.2,12.1,2.49,Vegan;Vegetarian;Gluten-Free;Dairy-Free;Halal
406,Herb-Crusted Peanut Butter Banana Oatmeal Style 406,Breakfast,0,7,708.6,27.7,89.1,30.5,1.45,Vegan;Vegetarian;Dairy-Free;Halal
407,Fiesta Black Bean Burrito Bowl with Brown Rice Style 407,Lunch,1,18,357.8,13.0,52.0,11.6,2.15,Vegan;Vegetarian;Gluten-Free;Dairy-Free;Halal
408,Fresh Black Bean Burrito Bowl with Brown Rice Style 408,Lunch,1,25,358.0,13.4,51.9,11.6,2.21,Vegan;Vegetarian;Gluten-Free;Dairy-Free;Halal
409,Herb-Crusted Lean Ground Beef Stir-Fry with Brown Rice & Peppers Style 409,Dinner,2,35,482.1,40.1,29.3,24.0,3.67,Gluten-Free;Dairy-Free;High-Protein;Halal
410,Spicy Creamy Garlic Parmesan Chicken Fettuccine Style 410,Dinner,2,29,897.7,70.0,32.6,53.2,4.09,High-Protein;Halal
411,Hearty Savory Tofu & Mushroom Teriyaki Bowl Style 411,Dinner,2,32,442.6,22.5,50.7,19.3,3.52,Vegan;Vegetarian;Dairy-Free;Halal
412,Hearty Apple Slices with Natural Peanut Butter Style 412,Snack,3,13,299.4,9.3,31.8,17.9,1.03,Vegan;Vegetarian;Gluten-Free;Dairy-Free;Halal
413,Smoky Cheddar Cheese & Boiled Egg Power Snack Style 413,Snack,3,12,243.3,16.8,3.4,18.1,1.13,Vegetarian;Keto;Gluten-Free;High-Protein;Halal
414,Spicy High-Protein Tofu Breakfast Scramble Style 414,Breakfast,0,15,264.6,16.7,11.2,19.0,2.55,Vegan;Vegetarian;Gluten-Free;Dairy-Free;High-Protein;Halal
415,Herb-Crusted Garlic Butter Shrimp with Zucchini Noodles & Tomatoes Style 415,Dinner,2,26,567.4,62.1,15.2,30.3,7.15,Keto;Gluten-Free;High-Protein;Low-Carb;Halal
416,Hearty Greek Yogurt Berry Nut Bowl Style 416,Breakfast,0,11,437.8,27.5,39.6,21.5,3.97,Vegetarian;Gluten-Free;High-Protein;Halal
417,Spicy Pan-Seared Salmon with Garlic Butter Broccoli & Sweet Potato Style 417,Dinner,2,33,885.0,55.1,54.9,48.1,8.61,Gluten-Free;High-Protein;Halal
418,Fresh Tuna Salad Whole Wheat Wrap Style 418,Lunch,1,13,440.6,44.5,48.1,7.8,2.95,High-Protein;Halal
419,Hearty Pan-Seared Salmon with Garlic Butter Broccoli & Sweet Potato Style 419,Dinner,2,29,783.2,48.0,49.8,43.1,7.76,Gluten-Free;High-Protein;Halal
420,Herb-Crusted Creamy Garlic Parmesan Chicken Fettuccine Style 420,Dinner,2,32,836.7,67.0,33.9,47.1,3.85,High-Protein;Halal
421,Smoky Lean Ground Beef Stir-Fry with Brown Rice & Peppers Style 421,Dinner,2,27,560.5,48.3,29.9,29.1,4.33,Gluten-Free;Dairy-Free;High-Protein;Halal
422,Herb-Crusted Greek Yogurt Berry Nut Bowl Style 422,Breakfast,0,12,485.9,28.7,53.6,20.7,3.58,Vegetarian;Gluten-Free;High-Protein;Halal
423,Fresh Banana Almond Protein Smoothie Style 423,Snack,3,15,474.0,22.7,47.1,24.5,2.21,Vegetarian;Gluten-Free;Halal
424,Hearty Berry Chia Yogurt Parfait Style 424,Breakfast,0,8,447.5,26.4,34.8,25.1,3.68,Vegetarian;Gluten-Free;Halal
425,Garden-Fresh Berry Chia Yogurt Parfait Style 425,Breakfast,0,13,1048.4,55.0,27.1,82.3,4.53,Vegetarian;Gluten-Free;Halal
426,Fresh High-Protein Tofu Breakfast Scramble Style 426,Breakfast,0,13,247.5,14.4,12.4,17.4,2.48,Vegan;Vegetarian;Gluten-Free;Dairy-Free;High-Protein;Halal
427,Spicy Avocado & Egg Whole Wheat Toast Style 427,Breakfast,0,18,641.4,24.1,43.5,43.8,2.7,Vegetarian;Halal
428,Crispy Garlic Butter Shrimp with Zucchini Noodles & Tomatoes Style 428,Dinner,2,18,552.2,59.4,14.1,30.2,6.73,Keto;Gluten-Free;High-Protein;Low-Carb;Halal
429,Herb-Crusted Lean Ground Beef Stir-Fry with Brown Rice & Peppers Style 429,Dinner,2,23,438.8,55.7,35.3,7.1,3.75,Gluten-Free;Dairy-Free;High-Protein;Halal
430,Zesty Garlic Butter Shrimp with Zucchini Noodles & Tomatoes Style 430,Dinner,2,23,468.3,58.9,14.7,20.7,6.8,Keto;Gluten-Free;High-Protein;Low-Carb;Halal
431,Crispy Savory Tofu & Mushroom Teriyaki Bowl Style 431,Dinner,2,35,570.4,28.7,53.9,30.8,4.45,Vegan;Vegetarian;Dairy-Free;Halal
432,Rustic Tuna Salad Whole Wheat Wrap Style 432,Lunch,1,8,283.8,42.8,18.0,4.0,2.62,High-Protein;Halal
433,Roasted Grilled Chicken & Quinoa Harvest Bowl Style 433,Lunch,1,20,568.3,59.7,30.3,23.0,4.26,Gluten-Free;High-Protein;Halal
434,Herb-Crusted Avocado & Egg Whole Wheat Toast Style 434,Breakfast,0,17,638.7,23.9,42.9,43.7,2.61,Vegetarian;Halal
435,Fresh Pan-Seared Salmon with Garlic Butter Broccoli & Sweet Potato Style 435,Dinner,2,25,777.7,51.2,49.4,41.1,8.15,Gluten-Free;High-Protein;Halal
436,Fiesta Grilled Chicken & Quinoa Harvest Bowl Style 436,Lunch,1,21,652.1,74.9,30.5,24.8,4.89,Gluten-Free;High-Protein;Halal
437,Hearty Turkey Avocado BLT Wrap Style 437,Lunch,1,16,857.0,53.3,60.2,48.5,4.95,High-Protein;Halal
438,Zesty Garlic Butter Shrimp with Zucchini Noodles & Tomatoes Style 438,Dinner,2,21,588.5,69.0,13.0,30.3,7.6,Keto;Gluten-Free;High-Protein;Low-Carb;Halal
439,Crispy Creamy Garlic Parmesan Chicken Fettuccine Style 439,Dinner,2,33,870.4,75.7,30.8,48.1,4.24,High-Protein;Halal
440,Smoky Savory Tofu & Mushroom Teriyaki Bowl Style 440,Dinner,2,34,480.4,27.3,53.2,21.0,4.42,Vegan;Vegetarian;Dairy-Free;Halal
441,Zesty Apple Slices with Natural Peanut Butter Style 441,Snack,3,5,270.0,8.0,30.8,15.4,0.99,Vegan;Vegetarian;Gluten-Free;Dairy-Free;Halal
442,Garden-Fresh Strawberries & Dark Chocolate Walnut Cup Style 442,Snack,3,-1,221.1,4.4,18.2,16.6,1.9,Vegan;Vegetarian;Gluten-Free;Halal
443,Hearty Tuna Salad Whole Wheat Wrap Style 443,Lunch,1,11,449.3,39.5,55.9,7.6,2.57,High-Protein;Halal
444,Rustic Apple Slices with Natural Peanut Butter Style 444,Snack,3,4,328.8,10.5,32.8,20.4,1.07,Vegan;Vegetarian;Gluten-Free;Dairy-Free;Halal
445,Garden-Fresh Hearty Lentil & Vegetable Stew Style 445,Dinner,2,32,502.2,32.8,44.8,22.6,3.19,Vegan;Vegetarian;Gluten-Free;Dairy-Free;Halal
446,Fiesta Strawberries & Dark Chocolate Walnut Cup Style 446,Snack,3,14,225.9,4.5,19.4,16.6,2.12,Vegan;Vegetarian;Gluten-Free;Halal
447,Fresh Turkey Avocado BLT Wrap Style 447,Lunch,1,18,815.3,46.6,60.3,46.7,4.61,High-Protein;Halal
448,Hearty Pan-Seared Salmon with Garlic Butter Broccoli & Sweet Potato Style 448,Dinner,2,39,808.2,52.2,44.0,46.2,7.64,Gluten-Free;High-Protein;Halal
449,Garden-Fresh Peanut Butter Banana Oatmeal Style 449,Breakfast,0,10,570.3,24.9,57.5,29.2,1.03,Vegan;Vegetarian;Dairy-Free;Halal
450,Rustic Savory Tofu & Mushroom Teriyaki Bowl Style 450,Dinner,2,32,435.2,23.5,48.4,19.4,3.86,Vegan;Vegetarian;Dairy-Free;Halal
451,Spicy Tuna Salad Whole Wheat Wrap Style 451,Lunch,1,11,326.0,39.5,31.8,4.3,2.47,High-Protein;Halal
452,Smoky High-Protein Tofu Breakfast Scramble Style 452,Breakfast,0,20,345.9,20.1,13.3,26.0,3.08,Vegan;Vegetarian;Gluten-Free;Dairy-Free;High-Protein;Halal
453,Rustic Hearty Lentil & Vegetable Stew Style 453,Dinner,2,33,420.5,14.3,58.4,16.0,1.97,Vegan;Vegetarian;Gluten-Free;Dairy-Free;Halal
454,Garden-Fresh Creamy Garlic Parmesan Chicken Fettuccine Style 454,Dinner,2,31,860.9,76.1,35.0,45.0,4.3,High-Protein;Halal
455,Fresh Apple Slices with Natural Peanut Butter Style 455,Snack,3,7,299.4,9.3,31.8,17.9,1.03,Vegan;Vegetarian;Gluten-Free;Dairy-Free;Halal
456,Golden Turkey Avocado BLT Wrap Style 456,Lunch,1,14,867.8,54.9,60.6,48.8,5.12,High-Protein;Halal
457,Fiesta Berry Chia Yogurt Parfait Style 457,Breakfast,0,7,543.5,28.8,42.4,31.5,2.83,Vegetarian;Gluten-Free;Halal
458,Golden Creamy Tomato & Mozzarella Penne Style 458,Lunch,1,29,499.8,23.9,46.5,25.4,2.45,Vegetarian;Halal
459,Herb-Crusted Lean Ground Beef Stir-Fry with Brown Rice & Peppers Style 459,Dinner,2,23,529.0,45.9,28.8,27.2,4.44,Gluten-Free;Dairy-Free;High-Protein;Halal
460,Savory Peanut Butter Banana Oatmeal Style 460,Breakfast,0,8,744.5,29.2,95.5,31.1,1.46,Vegan;Vegetarian;Dairy-Free;Halal
461,Fresh Tuna Salad Whole Wheat Wrap Style 461,Lunch,1,5,247.5,35.7,18.1,3.3,2.34,High-Protein;Halal
462,Fiesta Greek Yogurt Berry Nut Bowl Style 462,Breakfast,0,14,459.3,24.8,47.4,22.1,4.39,Vegetarian;Gluten-Free;High-Protein;Halal
463,Garden-Fresh High-Protein Tofu Breakfast Scramble Style 463,Breakfast,0,19,323.6,17.7,13.5,24.3,2.9,Vegan;Vegetarian;Gluten-Free;Dairy-Free;High-Protein;Halal
464,Spicy Turkey Avocado BLT Wrap Style 464,Lunch,1,25,768.5,54.0,44.2,45.1,4.77,High-Protein;Halal
465,Zesty Savory Tofu & Mushroom Teriyaki Bowl Style 465,Dinner,2,31,471.5,27.5,49.3,21.6,4.28,Vegan;Vegetarian;Dairy-Free;Halal
466,Crispy Grilled Chicken & Quinoa Harvest Bowl Style 466,Lunch,1,27,532.1,23.0,73.9,17.9,2.86,Gluten-Free;High-Protein;Halal
467,Smoky Garlic Butter Shrimp with Zucchini Noodles & Tomatoes Style 467,Dinner,2,20,582.0,72.0,22.5,25.2,8.21,Keto;Gluten-Free;High-Protein;Low-Carb;Halal
468,Rustic High-Protein Tofu Breakfast Scramble Style 468,Breakfast,0,10,294.7,14.2,13.4,22.4,2.33,Vegan;Vegetarian;Gluten-Free;Dairy-Free;High-Protein;Halal
469,Savory Berry Chia Yogurt Parfait Style 469,Breakfast,0,13,406.6,22.1,33.4,22.4,2.13,Vegetarian;Gluten-Free;Halal
470,Smoky Black Bean Burrito Bowl with Brown Rice Style 470,Lunch,1,16,463.9,18.5,72.2,12.2,2.53,Vegan;Vegetarian;Gluten-Free;Dairy-Free;Halal
471,Smoky Tuna Salad Whole Wheat Wrap Style 471,Lunch,1,5,425.3,41.4,48.3,7.4,2.81,High-Protein;Halal
472,Smoky Peanut Butter Banana Oatmeal Style 472,Breakfast,0,20,460.0,15.4,58.2,21.1,1.39,Vegan;Vegetarian;Dairy-Free;Halal
473,Fiesta Pan-Seared Salmon with Garlic Butter Broccoli & Sweet Potato Style 473,Dinner,2,34,853.4,64.2,59.0,38.5,9.07,Gluten-Free;High-Protein;Halal
474,Golden Grilled Chicken & Quinoa Harvest Bowl Style 474,Lunch,1,32,658.8,72.4,34.1,24.6,4.54,Gluten-Free;High-Protein;Halal
475,Zesty Mediterranean Chickpea & Avocado Salad Style 475,Lunch,1,17,351.7,14.7,46.0,14.1,2.65,Vegan;Vegetarian;Gluten-Free;Dairy-Free;Halal
476,Zesty Cheddar Cheese & Boiled Egg Power Snack Style 476,Snack,3,7,262.6,18.0,3.3,19.7,1.17,Vegetarian;Keto;Gluten-Free;High-Protein;Halal
477,Hearty Hearty Lentil & Vegetable Stew Style 477,Dinner,2,34,410.4,15.6,65.6,11.1,2.15,Vegan;Vegetarian;Gluten-Free;Dairy-Free;Halal
478,Zesty Tuna Salad Whole Wheat Wrap Style 478,Lunch,1,19,451.9,42.8,53.0,7.4,2.7,High-Protein;Halal
479,Fresh Tuna Salad Whole Wheat Wrap Style 479,Lunch,1,17,544.9,48.9,71.3,7.9,3.55,High-Protein;Halal
480,Zesty Berry Chia Yogurt Parfait Style 480,Breakfast,0,12,424.9,24.3,33.3,24.1,3.36,Vegetarian;Gluten-Free;Halal
481,Roasted Grilled Chicken & Quinoa Harvest Bowl Style 481,Lunch,1,21,605.2,67.1,28.6,24.0,4.56,Gluten-Free;High-Protein;Halal
482,Herb-Crusted High-Protein Tofu Breakfast Scramble Style 482,Breakfast,0,25,294.8,19.6,12.6,20.7,2.89,Vegan;Vegetarian;Gluten-Free;Dairy-Free;High-Protein;Halal
483,Fresh Garlic Butter Shrimp with Zucchini Noodles & Tomatoes Style 483,Dinner,2,29,500.5,67.4,10.6,22.2,7.55,Keto;Gluten-Free;High-Protein;Low-Carb;Halal
484,Zesty Cheddar Cheese & Boiled Egg Power Snack Style 484,Snack,3,4,263.4,18.0,3.5,19.7,1.19,Vegetarian;Keto;Gluten-Free;High-Protein;Halal
485,Rustic Banana Almond Protein Smoothie Style 485,Snack,3,3,438.2,20.4,51.9,19.2,2.1,Vegetarian;Gluten-Free;Halal
486,Roasted Mediterranean Chickpea & Avocado Salad Style 486,Lunch,1,10,622.6,14.4,49.0,45.2,3.71,Vegan;Vegetarian;Gluten-Free;Dairy-Free;Halal
487,Fresh Cheddar Cheese & Boiled Egg Power Snack Style 487,Snack,3,8,242.6,16.8,3.3,18.1,1.1,Vegetarian;Keto;Gluten-Free;High-Protein;Halal
488,Roasted Berry Chia Yogurt Parfait Style 488,Breakfast,0,10,429.1,22.3,35.3,24.8,3.29,Vegetarian;Gluten-Free;Halal
489,Golden Savory Tofu & Mushroom Teriyaki Bowl Style 489,Dinner,2,28,481.1,28.7,49.4,22.4,4.46,Vegan;Vegetarian;Dairy-Free;Halal
490,Spicy Turkey Avocado BLT Wrap Style 490,Lunch,1,19,835.6,49.6,61.0,47.4,4.88,High-Protein;Halal
491,Rustic Classic Spinach & Mushroom Omelette Style 491,Breakfast,0,14,558.7,37.1,5.5,43.2,2.88,Vegetarian;Keto;Gluten-Free;High-Protein;Halal
492,Zesty Peanut Butter Banana Oatmeal Style 492,Breakfast,0,17,564.4,24.6,57.1,28.8,1.0,Vegan;Vegetarian;Dairy-Free;Halal
493,Hearty Apple Slices with Natural Peanut Butter Style 493,Snack,3,3,328.8,10.5,32.8,20.4,1.07,Vegan;Vegetarian;Gluten-Free;Dairy-Free;Halal
494,Garden-Fresh Hearty Lentil & Vegetable Stew Style 494,Dinner,2,40,454.6,16.7,64.6,16.1,2.09,Vegan;Vegetarian;Gluten-Free;Dairy-Free;Halal
495,Crispy Turkey Avocado BLT Wrap Style 495,Lunch,1,11,749.0,49.5,61.4,37.5,4.68,High-Protein;Halal
496,Roasted Black Bean Burrito Bowl with Brown Rice Style 496,Lunch,1,27,367.3,13.2,54.1,11.7,2.02,Vegan;Vegetarian;Gluten-Free;Dairy-Free;Halal
497,Smoky Creamy Garlic Parmesan Chicken Fettuccine Style 497,Dinner,2,37,829.4,77.1,31.0,42.5,4.26,High-Protein;Halal
498,Savory Tuna Salad Whole Wheat Wrap Style 498,Lunch,1,12,433.0,43.2,48.2,7.8,3.21,High-Protein;Halal
499,Savory Mediterranean Chickpea & Avocado Salad Style 499,Lunch,1,13,523.0,13.7,47.2,35.0,3.54,Vegan;Vegetarian;Gluten-Free;Dairy-Free;Halal
500,Golden Creamy Tomato & Mozzarella Penne Style 500,Lunch,1,19,454.9,21.1,42.9,23.1,2.17,Vegetarian;Halal
